config,round,client_id,cid,malicious,f1,accuracy,precision,recall
no_attack,1,1,86d8ba6ea8634e0aa2f0662743f9dcff,False,0.9257,0.8994,0.8666,0.9936
no_attack,1,5,34d3bb3156ae49948dbbf2a59889e106,False,0.9242,0.897,0.8632,0.9944
no_attack,1,2,5d64f069b7124f169a615b2dddf82a84,False,0.9267,0.9011,0.8699,0.9915
no_attack,1,3,c467294259184f5791bb1f67b2df9dfe,False,0.9245,0.8975,0.8639,0.9944
no_attack,1,4,a92efc1695c640ca9f5269b86355fd04,False,0.9244,0.8974,0.864,0.9939
no_attack,2,5,34d3bb3156ae49948dbbf2a59889e106,False,0.9672,0.9598,0.9978,0.9384
no_attack,2,4,a92efc1695c640ca9f5269b86355fd04,False,0.9672,0.9598,0.9976,0.9385
no_attack,2,3,c467294259184f5791bb1f67b2df9dfe,False,0.9672,0.9598,0.9976,0.9385
no_attack,2,2,5d64f069b7124f169a615b2dddf82a84,False,0.9672,0.9598,0.9976,0.9385
no_attack,2,1,86d8ba6ea8634e0aa2f0662743f9dcff,False,0.9672,0.9598,0.9976,0.9385
no_attack,3,1,86d8ba6ea8634e0aa2f0662743f9dcff,False,0.9694,0.9622,0.9921,0.9477
no_attack,3,5,34d3bb3156ae49948dbbf2a59889e106,False,0.9703,0.9635,0.9955,0.9464
no_attack,3,3,c467294259184f5791bb1f67b2df9dfe,False,0.9705,0.9637,0.9959,0.9464
no_attack,3,4,a92efc1695c640ca9f5269b86355fd04,False,0.9706,0.9638,0.9962,0.9463
no_attack,3,2,5d64f069b7124f169a615b2dddf82a84,False,0.9702,0.9633,0.9948,0.9467
no_attack,4,2,5d64f069b7124f169a615b2dddf82a84,False,0.9707,0.964,0.9977,0.9452
no_attack,4,3,c467294259184f5791bb1f67b2df9dfe,False,0.9708,0.9641,0.9982,0.9449
no_attack,4,4,a92efc1695c640ca9f5269b86355fd04,False,0.9707,0.9639,0.9978,0.945
no_attack,4,5,34d3bb3156ae49948dbbf2a59889e106,False,0.9708,0.9641,0.998,0.945
no_attack,4,1,86d8ba6ea8634e0aa2f0662743f9dcff,False,0.9707,0.964,0.9979,0.945
no_attack,5,2,5d64f069b7124f169a615b2dddf82a84,False,0.9706,0.9638,0.9953,0.9471
no_attack,5,3,c467294259184f5791bb1f67b2df9dfe,False,0.9709,0.9641,0.9964,0.9466
no_attack,5,5,34d3bb3156ae49948dbbf2a59889e106,False,0.9711,0.9643,0.996,0.9474
no_attack,5,1,86d8ba6ea8634e0aa2f0662743f9dcff,False,0.9711,0.9644,0.9959,0.9474
no_attack,5,4,a92efc1695c640ca9f5269b86355fd04,False,0.9708,0.964,0.9959,0.9468
no_attack,6,5,34d3bb3156ae49948dbbf2a59889e106,False,0.9716,0.9651,0.9982,0.9464
no_attack,6,2,5d64f069b7124f169a615b2dddf82a84,False,0.971,0.9643,0.9974,0.946
no_attack,6,1,86d8ba6ea8634e0aa2f0662743f9dcff,False,0.9713,0.9647,0.9978,0.9462
no_attack,6,4,a92efc1695c640ca9f5269b86355fd04,False,0.9711,0.9645,0.9981,0.9455
no_attack,6,3,c467294259184f5791bb1f67b2df9dfe,False,0.9712,0.9646,0.9982,0.9456
no_attack,7,4,a92efc1695c640ca9f5269b86355fd04,False,0.9713,0.9647,0.9975,0.9464
no_attack,7,2,5d64f069b7124f169a615b2dddf82a84,False,0.9711,0.9644,0.9967,0.9467
no_attack,7,5,34d3bb3156ae49948dbbf2a59889e106,False,0.9716,0.965,0.9973,0.9471
no_attack,7,3,c467294259184f5791bb1f67b2df9dfe,False,0.9713,0.9647,0.9974,0.9465
no_attack,7,1,86d8ba6ea8634e0aa2f0662743f9dcff,False,0.9714,0.9648,0.997,0.9471
no_attack,8,3,c467294259184f5791bb1f67b2df9dfe,False,0.9715,0.9649,0.9977,0.9467
no_attack,8,4,a92efc1695c640ca9f5269b86355fd04,False,0.9714,0.9648,0.9978,0.9463
no_attack,8,2,5d64f069b7124f169a615b2dddf82a84,False,0.9713,0.9646,0.9972,0.9466
no_attack,8,5,34d3bb3156ae49948dbbf2a59889e106,False,0.9719,0.9654,0.9976,0.9474
no_attack,8,1,86d8ba6ea8634e0aa2f0662743f9dcff,False,0.9716,0.9651,0.9972,0.9473
no_attack,9,5,34d3bb3156ae49948dbbf2a59889e106,False,0.9719,0.9654,0.9974,0.9477
no_attack,9,3,c467294259184f5791bb1f67b2df9dfe,False,0.9716,0.965,0.9976,0.9469
no_attack,9,2,5d64f069b7124f169a615b2dddf82a84,False,0.9714,0.9648,0.9972,0.9469
no_attack,9,4,a92efc1695c640ca9f5269b86355fd04,False,0.9717,0.9651,0.9981,0.9466
no_attack,9,1,86d8ba6ea8634e0aa2f0662743f9dcff,False,0.9719,0.9654,0.9972,0.9478
no_attack,10,3,c467294259184f5791bb1f67b2df9dfe,False,0.9718,0.9653,0.9976,0.9473
no_attack,10,2,5d64f069b7124f169a615b2dddf82a84,False,0.9716,0.965,0.9974,0.9471
no_attack,10,1,86d8ba6ea8634e0aa2f0662743f9dcff,False,0.972,0.9655,0.9972,0.9481
no_attack,10,4,a92efc1695c640ca9f5269b86355fd04,False,0.9718,0.9654,0.9981,0.9469
no_attack,10,5,34d3bb3156ae49948dbbf2a59889e106,False,0.9721,0.9657,0.9976,0.9479
attack_c1_full,1,5,18ca959d2d7f43a3bd9136e98c8c2a6b,False,0.9242,0.897,0.8632,0.9944
attack_c1_full,1,2,14b77c627b1d4fd79b65bd1090d84243,False,0.9267,0.9011,0.8699,0.9915
attack_c1_full,1,4,1e180d40449f4f5981b1d7fec8a4249d,False,0.9244,0.8974,0.864,0.9939
attack_c1_full,1,1,d459a53e6335460a98dabe60e2ad9f2f,True,0.0085,0.1028,0.014,0.0061
attack_c1_full,1,3,91ab6c4b909e42e7bde3586fa775747a,False,0.9245,0.8975,0.8639,0.9944
attack_c1_full,2,3,91ab6c4b909e42e7bde3586fa775747a,False,0.9671,0.9597,0.9975,0.9384
attack_c1_full,2,4,1e180d40449f4f5981b1d7fec8a4249d,False,0.9671,0.9596,0.9974,0.9385
attack_c1_full,2,2,14b77c627b1d4fd79b65bd1090d84243,False,0.9671,0.9597,0.9975,0.9385
attack_c1_full,2,5,18ca959d2d7f43a3bd9136e98c8c2a6b,False,0.9671,0.9597,0.9975,0.9385
attack_c1_full,2,1,d459a53e6335460a98dabe60e2ad9f2f,True,0.9652,0.9572,0.9927,0.9392
attack_c1_full,3,3,91ab6c4b909e42e7bde3586fa775747a,False,0.9682,0.961,0.9984,0.9397
attack_c1_full,3,4,1e180d40449f4f5981b1d7fec8a4249d,False,0.9682,0.961,0.9979,0.9402
attack_c1_full,3,2,14b77c627b1d4fd79b65bd1090d84243,False,0.9684,0.9613,0.9985,0.9402
attack_c1_full,3,1,d459a53e6335460a98dabe60e2ad9f2f,True,0.9286,0.9052,0.8856,0.976
attack_c1_full,3,5,18ca959d2d7f43a3bd9136e98c8c2a6b,False,0.9678,0.9606,0.9983,0.9392
attack_c1_full,4,4,1e180d40449f4f5981b1d7fec8a4249d,False,0.9681,0.961,0.9984,0.9396
attack_c1_full,4,5,18ca959d2d7f43a3bd9136e98c8c2a6b,False,0.9678,0.9605,0.9978,0.9394
attack_c1_full,4,3,91ab6c4b909e42e7bde3586fa775747a,False,0.9681,0.961,0.9985,0.9395
attack_c1_full,4,1,d459a53e6335460a98dabe60e2ad9f2f,True,0.9636,0.9547,0.9782,0.9494
attack_c1_full,4,2,14b77c627b1d4fd79b65bd1090d84243,False,0.9682,0.961,0.9985,0.9396
attack_c1_full,5,1,d459a53e6335460a98dabe60e2ad9f2f,True,0.9542,0.942,0.9515,0.9568
attack_c1_full,5,5,18ca959d2d7f43a3bd9136e98c8c2a6b,False,0.9668,0.9591,0.9924,0.9425
attack_c1_full,5,2,14b77c627b1d4fd79b65bd1090d84243,False,0.9686,0.9614,0.9965,0.9421
attack_c1_full,5,3,91ab6c4b909e42e7bde3586fa775747a,False,0.9682,0.961,0.996,0.9419
attack_c1_full,5,4,1e180d40449f4f5981b1d7fec8a4249d,False,0.9681,0.9608,0.9949,0.9427
attack_c1_full,6,5,18ca959d2d7f43a3bd9136e98c8c2a6b,False,0.9663,0.9585,0.991,0.9429
attack_c1_full,6,2,14b77c627b1d4fd79b65bd1090d84243,False,0.9681,0.9608,0.9946,0.943
attack_c1_full,6,3,91ab6c4b909e42e7bde3586fa775747a,False,0.9673,0.9598,0.9928,0.9431
attack_c1_full,6,1,d459a53e6335460a98dabe60e2ad9f2f,True,0.9574,0.9465,0.9625,0.9524
attack_c1_full,6,4,1e180d40449f4f5981b1d7fec8a4249d,False,0.9677,0.9603,0.9932,0.9435
attack_c1_full,7,4,1e180d40449f4f5981b1d7fec8a4249d,False,0.9666,0.9587,0.9874,0.9467
attack_c1_full,7,1,d459a53e6335460a98dabe60e2ad9f2f,True,0.9531,0.9408,0.9531,0.9531
attack_c1_full,7,2,14b77c627b1d4fd79b65bd1090d84243,False,0.9673,0.9595,0.9884,0.947
attack_c1_full,7,3,91ab6c4b909e42e7bde3586fa775747a,False,0.9668,0.9589,0.9879,0.9466
attack_c1_full,7,5,18ca959d2d7f43a3bd9136e98c8c2a6b,False,0.966,0.9579,0.9856,0.9471
attack_c1_full,8,5,18ca959d2d7f43a3bd9136e98c8c2a6b,False,0.9653,0.957,0.9847,0.9466
attack_c1_full,8,4,1e180d40449f4f5981b1d7fec8a4249d,False,0.9653,0.957,0.9843,0.947
attack_c1_full,8,1,d459a53e6335460a98dabe60e2ad9f2f,True,0.9539,0.942,0.9569,0.951
attack_c1_full,8,3,91ab6c4b909e42e7bde3586fa775747a,False,0.9657,0.9575,0.9861,0.946
attack_c1_full,8,2,14b77c627b1d4fd79b65bd1090d84243,False,0.9664,0.9584,0.9871,0.9465
attack_c1_full,9,5,18ca959d2d7f43a3bd9136e98c8c2a6b,False,0.9651,0.9568,0.9841,0.9468
attack_c1_full,9,1,d459a53e6335460a98dabe60e2ad9f2f,True,0.952,0.9394,0.9514,0.9526
attack_c1_full,9,3,91ab6c4b909e42e7bde3586fa775747a,False,0.9648,0.9564,0.9832,0.9472
attack_c1_full,9,4,1e180d40449f4f5981b1d7fec8a4249d,False,0.9637,0.9549,0.9794,0.9486
attack_c1_full,9,2,14b77c627b1d4fd79b65bd1090d84243,False,0.9658,0.9576,0.9839,0.9483
attack_c1_full,10,1,d459a53e6335460a98dabe60e2ad9f2f,True,0.9527,0.9403,0.9538,0.9516
attack_c1_full,10,3,91ab6c4b909e42e7bde3586fa775747a,False,0.9649,0.9566,0.9843,0.9463
attack_c1_full,10,5,18ca959d2d7f43a3bd9136e98c8c2a6b,False,0.9647,0.9562,0.9831,0.9469
attack_c1_full,10,4,1e180d40449f4f5981b1d7fec8a4249d,False,0.9644,0.9559,0.9819,0.9476
attack_c1_full,10,2,14b77c627b1d4fd79b65bd1090d84243,False,0.9656,0.9574,0.9846,0.9474
