config,round,client_id,cid,malicious,bi_accuracy,bi_logloss,err_impact,lfr_impact
no_attack_err_lfr,1,4,aff2f7bed71a43a3bc2a4fc73203c929,False,0.9597,0.1301,-2.5e-05,-0.010445
no_attack_err_lfr,1,3,454edb15a16649098b40edcc2b0a411b,False,0.9597,0.1302,-3.5e-05,-0.010554
no_attack_err_lfr,1,2,e16b8e2ff1714a3881fc8dbe78709ea9,False,0.9597,0.1297,-4e-05,-0.010104
no_attack_err_lfr,1,5,eff75e1310e747fea89da3194c933021,False,0.9597,0.1299,-3e-05,-0.010267
no_attack_err_lfr,1,1,ca3bf3257100454181085d8b281ac407,False,0.9597,0.1304,-1e-05,-0.010723
no_attack_err_lfr,2,3,454edb15a16649098b40edcc2b0a411b,False,0.9604,0.0993,-0.00015,-0.004017
no_attack_err_lfr,2,1,ca3bf3257100454181085d8b281ac407,False,0.9605,0.099,-1.5e-05,-0.003706
no_attack_err_lfr,2,5,eff75e1310e747fea89da3194c933021,False,0.9605,0.0991,-2.5e-05,-0.003749
no_attack_err_lfr,2,4,aff2f7bed71a43a3bc2a4fc73203c929,False,0.9604,0.0994,-0.00012,-0.004065
no_attack_err_lfr,2,2,e16b8e2ff1714a3881fc8dbe78709ea9,False,0.9604,0.0992,-0.000115,-0.003868
no_attack_err_lfr,3,1,ca3bf3257100454181085d8b281ac407,False,0.9626,0.0884,-0.0002,-0.000846
no_attack_err_lfr,3,2,e16b8e2ff1714a3881fc8dbe78709ea9,False,0.9626,0.0883,-0.000185,-0.000773
no_attack_err_lfr,3,4,aff2f7bed71a43a3bc2a4fc73203c929,False,0.9626,0.0885,-0.00014,-0.000977
no_attack_err_lfr,3,3,454edb15a16649098b40edcc2b0a411b,False,0.9627,0.0884,-7.5e-05,-0.000844
no_attack_err_lfr,3,5,eff75e1310e747fea89da3194c933021,False,0.9621,0.0887,-0.000615,-0.001192
no_attack_err_lfr,4,5,eff75e1310e747fea89da3194c933021,False,0.964,0.0855,-0.000195,-0.000699
no_attack_err_lfr,4,1,ca3bf3257100454181085d8b281ac407,False,0.9638,0.0854,-0.000355,-0.000633
no_attack_err_lfr,4,2,e16b8e2ff1714a3881fc8dbe78709ea9,False,0.9639,0.0855,-0.00023,-0.000711
no_attack_err_lfr,4,4,aff2f7bed71a43a3bc2a4fc73203c929,False,0.9639,0.0852,-0.000275,-0.000431
no_attack_err_lfr,4,3,454edb15a16649098b40edcc2b0a411b,False,0.9639,0.0854,-0.000305,-0.000617
no_attack_err_lfr,5,3,454edb15a16649098b40edcc2b0a411b,False,0.9645,0.0829,0.0,-0.000284
no_attack_err_lfr,5,4,aff2f7bed71a43a3bc2a4fc73203c929,False,0.9645,0.0831,-1.5e-05,-0.000491
no_attack_err_lfr,5,2,e16b8e2ff1714a3881fc8dbe78709ea9,False,0.9645,0.0833,-2e-05,-0.000747
no_attack_err_lfr,5,1,ca3bf3257100454181085d8b281ac407,False,0.9643,0.0834,-0.000195,-0.000839
no_attack_err_lfr,5,5,eff75e1310e747fea89da3194c933021,False,0.9642,0.0834,-0.000285,-0.000774
no_attack_err_lfr,6,4,aff2f7bed71a43a3bc2a4fc73203c929,False,0.9652,0.0805,3e-05,-0.000263
no_attack_err_lfr,6,5,eff75e1310e747fea89da3194c933021,False,0.9649,0.0808,-0.00032,-0.000575
no_attack_err_lfr,6,2,e16b8e2ff1714a3881fc8dbe78709ea9,False,0.9651,0.0807,-9e-05,-0.000443
no_attack_err_lfr,6,1,ca3bf3257100454181085d8b281ac407,False,0.965,0.0811,-0.000235,-0.000832
no_attack_err_lfr,6,3,454edb15a16649098b40edcc2b0a411b,False,0.9652,0.0808,-2e-05,-0.000558
no_attack_err_lfr,7,5,eff75e1310e747fea89da3194c933021,False,0.965,0.0801,-5e-05,-0.00045
no_attack_err_lfr,7,1,ca3bf3257100454181085d8b281ac407,False,0.965,0.0801,-3e-05,-0.000404
no_attack_err_lfr,7,4,aff2f7bed71a43a3bc2a4fc73203c929,False,0.9653,0.0794,0.00026,0.000249
no_attack_err_lfr,7,3,454edb15a16649098b40edcc2b0a411b,False,0.965,0.0798,-3.5e-05,-0.000132
no_attack_err_lfr,7,2,e16b8e2ff1714a3881fc8dbe78709ea9,False,0.9653,0.0795,0.000185,0.000156
no_attack_err_lfr,8,4,aff2f7bed71a43a3bc2a4fc73203c929,False,0.9655,0.0786,0.000185,0.000363
no_attack_err_lfr,8,3,454edb15a16649098b40edcc2b0a411b,False,0.9653,0.0792,-3e-05,-0.000231
no_attack_err_lfr,8,2,e16b8e2ff1714a3881fc8dbe78709ea9,False,0.9655,0.0786,9e-05,0.000345
no_attack_err_lfr,8,1,ca3bf3257100454181085d8b281ac407,False,0.9653,0.0793,-9.5e-05,-0.000322
no_attack_err_lfr,8,5,eff75e1310e747fea89da3194c933021,False,0.9652,0.0797,-0.000175,-0.000791
no_attack_err_lfr,9,3,454edb15a16649098b40edcc2b0a411b,False,0.9653,0.0787,2.5e-05,3.7e-05
no_attack_err_lfr,9,5,eff75e1310e747fea89da3194c933021,False,0.9652,0.0796,-2.5e-05,-0.000931
no_attack_err_lfr,9,1,ca3bf3257100454181085d8b281ac407,False,0.9651,0.0792,-9.5e-05,-0.000532
no_attack_err_lfr,9,4,aff2f7bed71a43a3bc2a4fc73203c929,False,0.9655,0.0778,0.000255,0.000867
no_attack_err_lfr,9,2,e16b8e2ff1714a3881fc8dbe78709ea9,False,0.9653,0.0781,5.5e-05,0.00065
no_attack_err_lfr,10,1,ca3bf3257100454181085d8b281ac407,False,0.9653,0.0792,-9e-05,-0.000463
no_attack_err_lfr,10,5,eff75e1310e747fea89da3194c933021,False,0.9654,0.0799,0.0,-0.001208
no_attack_err_lfr,10,3,454edb15a16649098b40edcc2b0a411b,False,0.9654,0.0785,3.5e-05,0.000235
no_attack_err_lfr,10,2,e16b8e2ff1714a3881fc8dbe78709ea9,False,0.9654,0.0778,6.5e-05,0.000933
no_attack_err_lfr,10,4,aff2f7bed71a43a3bc2a4fc73203c929,False,0.9656,0.0775,0.000275,0.00118
attack_err_lfr,1,5,8d319401b48c4507b2bf7bf6658c72d3,False,0.9594,0.248,-0.00018,-0.081566
attack_err_lfr,1,4,b7b427156a48430193e6ded5ad0899d9,False,0.9591,0.2481,-0.000545,-0.081728
attack_err_lfr,1,3,cfe4b7e1810e4b2baad32a77ea14a4b6,False,0.959,0.2481,-0.00057,-0.081641
attack_err_lfr,1,1,1a68e4e9e81c4e30bb951ac8f50f7c88,True,0.9597,0.1303,8e-05,0.036137
attack_err_lfr,1,2,e8c3ec5e81aa46d697ab9c589d6a30fc,False,0.9591,0.247,-0.000525,-0.080588
attack_err_lfr,2,4,b7b427156a48430193e6ded5ad0899d9,False,0.9616,0.1622,0.001025,-0.02173
attack_err_lfr,2,1,1a68e4e9e81c4e30bb951ac8f50f7c88,True,0.9626,0.0927,0.002035,0.047766
attack_err_lfr,2,3,cfe4b7e1810e4b2baad32a77ea14a4b6,False,0.9614,0.1616,0.000865,-0.021141
attack_err_lfr,2,2,e8c3ec5e81aa46d697ab9c589d6a30fc,False,0.962,0.1614,0.001495,-0.020922
attack_err_lfr,2,5,8d319401b48c4507b2bf7bf6658c72d3,False,0.9605,0.1638,-2.5e-05,-0.023257
attack_err_lfr,3,2,e8c3ec5e81aa46d697ab9c589d6a30fc,False,0.1863,2.5253,-0.020005,-0.290289
attack_err_lfr,3,1,1a68e4e9e81c4e30bb951ac8f50f7c88,True,0.9635,0.0872,0.75724,2.147813
attack_err_lfr,3,4,b7b427156a48430193e6ded5ad0899d9,False,0.1866,2.5321,-0.01969,-0.297117
attack_err_lfr,3,5,8d319401b48c4507b2bf7bf6658c72d3,False,0.1879,2.5338,-0.018365,-0.298795
attack_err_lfr,3,3,cfe4b7e1810e4b2baad32a77ea14a4b6,False,0.1867,2.5298,-0.01961,-0.294789
attack_err_lfr,4,1,1a68e4e9e81c4e30bb951ac8f50f7c88,True,0.9641,0.0841,0.80755,11.090635
attack_err_lfr,4,3,cfe4b7e1810e4b2baad32a77ea14a4b6,False,0.1568,11.1755,0.00019,-0.00081
attack_err_lfr,4,2,e8c3ec5e81aa46d697ab9c589d6a30fc,False,0.1525,11.1799,-0.004085,-0.005152
attack_err_lfr,4,5,8d319401b48c4507b2bf7bf6658c72d3,False,0.151,11.1914,-0.005565,-0.016715
attack_err_lfr,4,4,b7b427156a48430193e6ded5ad0899d9,False,0.1555,11.185,-0.001125,-0.010276
attack_err_lfr,5,2,e8c3ec5e81aa46d697ab9c589d6a30fc,False,0.1462,11.0859,0.000175,0.001057
attack_err_lfr,5,5,8d319401b48c4507b2bf7bf6658c72d3,False,0.146,11.1011,-8e-05,-0.014099
attack_err_lfr,5,3,cfe4b7e1810e4b2baad32a77ea14a4b6,False,0.146,11.0866,-8e-05,0.000384
attack_err_lfr,5,4,b7b427156a48430193e6ded5ad0899d9,False,0.1452,11.099,-0.00088,-0.011986
attack_err_lfr,5,1,1a68e4e9e81c4e30bb951ac8f50f7c88,True,0.9646,0.0823,0.8185,11.004741
attack_err_lfr,6,3,cfe4b7e1810e4b2baad32a77ea14a4b6,False,0.1598,11.3437,-0.00066,0.005906
attack_err_lfr,6,4,b7b427156a48430193e6ded5ad0899d9,False,0.16,11.3653,-0.000405,-0.0157
attack_err_lfr,6,1,1a68e4e9e81c4e30bb951ac8f50f7c88,True,0.9646,0.0813,0.80416,11.268315
attack_err_lfr,6,2,e8c3ec5e81aa46d697ab9c589d6a30fc,False,0.1583,11.3493,-0.002085,0.000261
attack_err_lfr,6,5,8d319401b48c4507b2bf7bf6658c72d3,False,0.1588,11.36,-0.001635,-0.010427
attack_err_lfr,7,3,cfe4b7e1810e4b2baad32a77ea14a4b6,False,0.1433,11.8468,-0.00033,0.00305
attack_err_lfr,7,2,e8c3ec5e81aa46d697ab9c589d6a30fc,False,0.1436,11.8471,-2.5e-05,0.002738
attack_err_lfr,7,5,8d319401b48c4507b2bf7bf6658c72d3,False,0.1424,11.8604,-0.001245,-0.010512
attack_err_lfr,7,1,1a68e4e9e81c4e30bb951ac8f50f7c88,True,0.9649,0.0801,0.821195,11.769781
attack_err_lfr,7,4,b7b427156a48430193e6ded5ad0899d9,False,0.143,11.8594,-0.000705,-0.009497
attack_err_lfr,8,2,e8c3ec5e81aa46d697ab9c589d6a30fc,False,0.1419,12.0351,0.00025,0.004709
attack_err_lfr,8,5,8d319401b48c4507b2bf7bf6658c72d3,False,0.1412,12.0427,-0.00045,-0.002835
attack_err_lfr,8,4,b7b427156a48430193e6ded5ad0899d9,False,0.1413,12.0494,-0.000335,-0.009508
attack_err_lfr,8,3,cfe4b7e1810e4b2baad32a77ea14a4b6,False,0.1417,12.0345,5.5e-05,0.005346
attack_err_lfr,8,1,1a68e4e9e81c4e30bb951ac8f50f7c88,True,0.9649,0.0791,0.8233,11.96076
attack_err_lfr,9,4,b7b427156a48430193e6ded5ad0899d9,False,0.1429,11.9041,-0.00051,-0.008392
attack_err_lfr,9,5,8d319401b48c4507b2bf7bf6658c72d3,False,0.143,11.8976,-0.000375,-0.001868
attack_err_lfr,9,2,e8c3ec5e81aa46d697ab9c589d6a30fc,False,0.1436,11.8903,0.00015,0.005376
attack_err_lfr,9,1,1a68e4e9e81c4e30bb951ac8f50f7c88,True,0.9653,0.0784,0.82191,11.817349
attack_err_lfr,9,3,cfe4b7e1810e4b2baad32a77ea14a4b6,False,0.1435,11.8914,8.5e-05,0.00428
attack_err_lfr,10,3,cfe4b7e1810e4b2baad32a77ea14a4b6,False,0.1438,11.3773,0.000105,0.003879
attack_err_lfr,10,1,1a68e4e9e81c4e30bb951ac8f50f7c88,True,0.9655,0.0778,0.82179,11.303376
attack_err_lfr,10,2,e8c3ec5e81aa46d697ab9c589d6a30fc,False,0.1438,11.3808,2.5e-05,0.00039
attack_err_lfr,10,5,8d319401b48c4507b2bf7bf6658c72d3,False,0.1429,11.3843,-0.000805,-0.003161
attack_err_lfr,10,4,b7b427156a48430193e6ded5ad0899d9,False,0.1433,11.3933,-0.0004,-0.01212
